#,City,City aka,Country,Continent,System,Opening,Network length,Stations,Stations*,Lines,Avg. station distance,Avg. line length,Stations per line,Daily ridership,Ridership per km,Annual ridership,Ridership year,Population,Usage,Length per resident,Fare,Tracks,Train width,Gauge,Power supply,Voltage,Rubber-tyred,Driverless,Driverless since,Platform screen doors,Aircon trains,Walk-through,Remarks
1, Shanghai,,China,Asia,Metro,10 Apr 1995,632.1,394,284,15,1668.0,42.1,26.3,6240000.0,9860.0,2276000000.0,2012.0,15000000.0,20.8 %,42.2,0.34 EUR,right,3.0,1435.0,overhead wire,1500.0,,,,newer line 4 stations and refitted line 1 stations,yes,,Maglev and Line 22 not included. Stations* wrong
2, Beijing,Peking,China,Asia,Subway,1 Oct 1969,572.0,344,287,20,1765.0,28.6,17.2,6740000.0,11800.0,2460000000.0,2012.0,11100000.0,30.3 %,51.5,0.15 EUR,right,2.65,1435.0,third rail,825.0,,Yanfang line,2017.0,"PGDs on lines 5, 13. PSDs on lines 8, 10",yes,all lines,
3, London,,United Kingdom,Europe,Underground,10 Jan 1863,402.0,270,270,11,1552.0,36.5,24.5,3210000.0,7980.0,1171000000.0,2011.0,8570000.0,18.7 %,46.9,2.75 EUR,left,"2.84, 2.64 (tube)",1435.0,third rail,"600, 750 (DLR)",,Docklands Light Rail,1987.0,Jubilee Line extension,"Circle, District, Hammersmith & City and Metropolitan lines","Metropolitan Line, DLR","DLR not included (31.4 km, 39 stations). East London Line removed (will be assigned to Overground). Overground: 86 km, 55 st."
4, Guangzhou,Canton,China,Asia,Metro,28 Jun 1999,386.0,229,205,13,1787.0,29.7,17.6,5000000.0,13000.0,1825000000.0,2012.0,8830000.0,28.3 %,43.7,,right,,1435.0,third rail,825.0,Zhujiang people mover,APM line (underground people mover),2010.0,yes,yes,yes,"APM included (3,9 km +9 stations)"
5, New York,,USA,America,Subway,27 Oct 1904,380.2,473,426,27,852.0,14.1,17.5,4530000.0,11900.0,1655000000.0,2012.0,19000000.0,11.9 %,20.0,1.53 EUR,right,"2.98, 3.05, 2.68; 2.86 (PATH)",1435.0,third rail,"625, 650 (PATH)",,,,,yes,,"PATH not included (22.2 km, 13 stations). SIR not included"
6, Moscow,,Russia,Europe,Metro,15 May 1935,346.2,206,163,12,1785.0,28.9,17.2,6550000.0,18900.0,2389000000.0,2011.0,10500000.0,31.3 %,33.1,0.50 EUR,right,"2.70, 2.86",1520.0,third rail,825.0,,,,,"lines 3, 5 since 2009",,"Monorail (6 stations, 4.7 km) not included."
7, Seoul,,South Korea,Asia,Subway,15 Aug 1974,326.5,302,260,9,1114.0,36.3,33.6,6900000.0,21100.0,2518000000.0,2012.0,9800000.0,35.2 %,33.3,0.54 EUR,right,3.16,1435.0,overhead wire,1500.0,,,,"lines 2 and 9, planned for all lines",yes,yes,Only metro section.
8, Tokyo,,Japan,Asia,Metro,30 Dec 1927,304.5,290,205,13,1099.0,23.4,22.3,8500000.0,27900.0,3102000000.0,2011.0,35700000.0,11.9 %,8.5,1.57 EUR,left,"2.87, 2.80; 2.60 (Ginza)","1067, 1435 (Ginza, Marunouchi, Asakusa, Oedo lines), 1372 (Shinjuku line)","overhead wire, third rail (Ginza, Marunouchi lines)","1500, 600 (Ginza, Marunouchi lines)",Yurikamome line,"Yurikamome Waterfront line, rubber-tyred",1995.0,"Marunouchi, Mita, Namboku, Yurakucho, Yurikamome lines",yes,yes,"According to Mr. Osamu Abe. Saitama, Yurikamone, Monorail, Yamanote, Chuo, Rinkai not incl."
9, Madrid,,Spain,Europe,Metro,17 Oct 1919,293.0,289,239,13,1062.0,22.5,22.2,1740000.0,5940.0,635000000.0,2011.0,5570000.0,15.6 %,52.6,1.00 EUR,left,"2.80 (lines 6-9), 2.30 (lines 2-4)",1445.0,overhead wire,600.0,,,,,yes,yes,"ML1, ML2, ML3 not included (27.8 km, 37 st.; Embajadores=Acacias)"
10, Shenzhen,,China,Asia,Metro,28 Dec 2004,285.9,198,166,8,1505.0,35.7,24.8,362000.0,1260.0,132000000.0,2009.0,7580000.0,2.4 %,37.7,,right,3.09,1435.0,,,,,,yes,yes,yes,
11, Chongqing,Chungking,China,Asia,Monorail,18 Jun 2005,263.6,154,140,6,1781.0,43.9,25.7,,,,,6460000.0,,40.8,,right,,,,,,,,"PSDs in underground stations of metro and monorail lines, platform gate doors in elevated stations",yes,yes,
12, Wuhan,Hankou,China,Asia,Metro,28 Sep 2004,239.7,167,149,7,1498.0,34.2,23.9,200000.0,834.0,73000000.0,2011.0,7240000.0,1.4 %,33.1,,right,,,,,,,,,,,
13, Delhi,,India,Asia,Metro,24 Dec 2002,239.0,183,172,8,1366.0,29.9,22.9,1660000.0,6950.0,606000000.0,2011.0,15900000.0,5.2 %,15.0,0.12 EUR,left,3.2,"1676, 1435 (Green, Violet lines)",overhead wire,25000.0,,,,"Line 4, Line 5, Airport Metro Express",yes,yes,Gurgaon metro included
14, Paris,,France,Europe,Metro,19 Jul 1900,219.9,383,303,16,599.0,13.7,23.9,4180000.0,19000.0,1524000000.0,2011.0,9900000.0,21.1 %,22.2,1.57 EUR,"right (metro), left (RER)",2.46,1435.0,third rail,750.0,"lines 1, 4, 6, 11, 14","lines 1, 14, rubber-tyred",1998.0,"lines 1, 13 (part), 14","lines 1, 2, 5, 9","lines 1, 2, 5, 7bis, 9, 14",
15, Tehran,,Iran,Asia,Metro,21 Feb 2000,215.1,117,106,7,1955.0,30.7,16.7,1320000.0,6110.0,480000000.0,2011.0,7870000.0,8.4 %,27.3,,,,1435.0,third rail,750.0,,,,,yes,,
16, Mexico City,,Mexico,America,Metro,5 Sep 1969,201.1,195,163,12,1099.0,16.8,16.3,4410000.0,21900.0,1609000000.0,2012.0,19000000.0,11.6 %,10.6,0.14 EUR,right,2.5,1995.0,third rail,750.0,yes,,,,,,Not sure about length
17, Singapore,,Singapore,Asia,MRT,7 Nov 1987,199.2,141,119,5,1465.0,39.8,28.2,2180000.0,10900.0,794000000.0,2011.0,4440000.0,24.5 %,44.9,0.97 EUR,left,3.2,1435.0,third rail,750.0,LRT lines,"North-East Line, Circle Line, Downtown Line, and the 3 rubber-tyred LRT lines",2003.0,yes,yes,yes,
18, Hong Kong,,Hong Kong S.A.R.,Asia,MTR,1 Oct 1979,197.4,113,92,11,1935.0,17.9,10.3,3960000.0,20000.0,1444000000.0,2012.0,7210000.0,27.4 %,27.4,0.91 EUR,left,3.1,1435.0,overhead wire,"1500 (MTR), 25000 (KCR)","SI, WI lines, planned",Disneyland Resort Line,2005.0,all underground stations,yes,yes,
19, Mumbai,Bombay,India,Asia,Suburban Railway,,191.5,91,73,6,2253.0,31.9,15.2,,,,,19000000.0,,10.1,0.17 EUR,,,,,,,,,,,,
20, Washington,,USA,America,Metrorail,27 Mar 1976,189.9,95,91,6,2134.0,31.6,15.8,597000.0,3150.0,218000000.0,2012.0,,,,,right,3.05,1435.0,third rail,750.0,,,,,yes,,
21, Chengdu,,China,Asia,Metro,27 Sep 2010,179.1,138,122,6,1357.0,29.9,23.0,282000.0,1580.0,103000000.0,2012.0,4120000.0,3.4 %,43.5,,right,,,,,,,,yes,yes,,http://railway-technology.com/projects/chengdu-metro
22, Nanjing,Nanking,China,Asia,Metro,27 Aug 2005,177.2,114,105,5,1626.0,35.4,22.8,942000.0,5320.0,344000000.0,2011.0,3680000.0,12.8 %,48.2,,right,,,,,,,,Line 2,yes,yes,S Lines not included (169 km and 50 stations more)
23, San Francisco,,USA,America,BART,11 Sep 1972,174.6,45,45,5,4365.0,34.9,9.0,304000.0,1740.0,111000000.0,2012.0,3450000.0,4.4 %,50.6,,right,3.2,1676.0,third rail,1000.0,,,,,yes,Wide sliding doors between cars since the 1970s,MUNI not included (8 underground stations)
24, Chicago,,USA,America,L,6 Jun 1892,166.0,153,145,8,1145.0,20.8,19.1,608000.0,3660.0,222000000.0,2011.0,8990000.0,3.4 %,18.5,1.58 EUR,right,2.86,1435.0,third rail,600.0,,,,,yes,,151 Stations and 173 km (UrbanRail.net)
25, Tianjin,Tientsin,China,Asia,Metro,28 Mar 2004,162.8,112,104,5,1522.0,32.6,22.4,175000.0,1080.0,64000000.0,2010.0,7180000.0,1.2 %,22.7,,right,2.65,1435.0,third rail,825.0,,,,platform gate doors,yes,,
26, Kuala Lumpur,,Malaysia,Asia,"MRT, LRT, Monorail",16 Dec 1996,151.1,115,108,5,1374.0,30.2,23.0,299000.0,1980.0,109000000.0,2008.0,1450000.0,10.3 %,104.2,0.37 EUR,left,3.0,,,,,LRT,1996.0,"KLIA line to airport, Kelana Jaya line's underground stations",yes,,Commuter Lines not included
27, Dalian,,China,Asia,Metro,1 May 2003,150.4,68,66,4,2350.0,37.6,17.0,121000.0,801.0,44000000.0,2012.0,3170000.0,1.9 %,47.5,,right,,,,,,,,,,,Metro and suburban service
28, Berlin,,Germany,Europe,U-Bahn,18 Feb 1902,147.4,195,173,10,797.0,14.7,19.5,1380000.0,9390.0,505000000.0,2011.0,3410000.0,20.3 %,43.2,2.10 EUR,right,"2.65 (lines 5-9), 2,30 (lines 1-4)",1435.0,third rail,750.0,,,,,,yes,
29, Busan,Pusan,South Korea,Asia,Subway,19 Jul 1985,140.1,135,128,5,1078.0,28.0,27.0,877000.0,6260.0,320000000.0,2012.0,3480000.0,12.6 %,40.3,,right,2.78,,,,Line 4,Line 4,2011.0,line 3,,,
30, Barcelona,,Spain,Europe,Metro,30 Dec 1924,139.4,178,147,11,835.0,12.7,16.2,1070000.0,7650.0,389000000.0,2011.0,4920000.0,10.8 %,28.3,1.35 EUR,right,"2.72 (lines 3, 4, FGC), 3.14 (line 1)",1435.0,"third rail (TMB), overhead wire (FGC)",1200.0,,"lines L9, L10, L11",2009.0,"lines L9, L10, L11",yes,yes,"Tram lines not included (1.8 km subway tram line, T5)"
31, Osaka,,Japan,Asia,Subway,20 May 1933,137.8,133,104,9,1111.0,15.3,14.8,2290000.0,16600.0,836000000.0,2010.0,11300000.0,10.1 %,12.2,,left,2.89,1435.0,third rail,"750, 600 (Nanko Port Town Line)",Nanko Port Town Line,"Nanko Port Town Line, rubber-tyred",1981.0,all stations on the Nanko Port Town Line,,yes,"Monorail not included (23.8 km, 18 st). OTS + new tram included"
32, Taipei,,Taiwan,Asia,MRT,28 Mar 1996,131.3,117,108,5,1172.0,26.3,23.4,1790000.0,13600.0,652000000.0,2012.0,2600000.0,34.4 %,50.5,0.60 EUR,right,2.56,2060.0,third rail,750.0,Line 1,Wenshan (Muzha) VAL line,1996.0,"PGDs in the busier MRT stations, PSDs in all VAL stations",yes,yes,131.3km website
33, Suzhou,Su-chou,China,Asia,Subway,29 Apr 2012,118.9,96,92,3,1278.0,39.6,32.0,,,,,,,,,right,,,,,,,,,yes,,
34, Hangzhou,Hangchow,China,Asia,Metro,24 Nov 2012,118.0,83,78,3,1475.0,39.3,27.7,,,,,3010000.0,,39.2,,,,,,,,,,,,,Wikipedia
35, Santiago,Santiago de Chile,Chile,America,Metro,15 Sep 1975,117.7,118,106,6,1051.0,19.6,19.7,1750000.0,14900.0,640000000.0,2011.0,5720000.0,15.3 %,20.6,0.55 EUR,right,,1435.0,third rail,750.0,yes,Line 6,2017.0,,,yes,
36, Saint Petersburg,Leningrad,Russia,Europe,Metro,15 Nov 1955,113.5,67,59,5,1831.0,22.7,13.4,2150000.0,19000.0,786000000.0,2011.0,4550000.0,23.7 %,24.9,,right,2.7,1520.0,third rail,825.0,,,,windowless steel doors in ten stations,,,According to Mr. Yuri Popov
37, Bangkok,,Thailand,Asia,"Skytrain, MRT",5 Dec 1999,112.4,79,73,5,1518.0,22.5,15.8,671000.0,5970.0,245000000.0,2011.0,6700000.0,5.0 %,16.8,0.64 EUR,left,,1435.0,linear,,,Green line,1999.0,"Green line, Blue line",yes,,
38, Istanbul,,Turkey,Europe,Metro,16 Sep 2000,105.9,82,79,6,1393.0,17.7,13.7,214000.0,2020.0,78000000.0,2011.0,10100000.0,1.1 %,10.5,0.63 EUR,right,2.65,1435.0,"overhead wire, third rail (Line M2)",750.0,,Line M5,2017.0,Line M5 and Seyrantepe station on line M2,some lines,some lines,"Wikipedia. Hafif Metro not included (25.8 km, 24 stations, 2 lines)"
39, Stockholm,,Sweden,Europe,Tunnelbana,1 Oct 1950,105.7,104,100,3,1047.0,35.2,34.7,847000.0,8010.0,309000000.0,2011.0,1260000.0,33.6 %,83.9,3.73 EUR,left,2.8,1435.0,third rail,"650, 750 (Blue Line)",,,,,,,According to official website. 7 operational lines
40, Hamburg,,Germany,Europe,U-Bahn,1 Mar 1912,104.7,99,91,4,1102.0,26.2,24.8,545000.0,5210.0,199000000.0,2011.0,1760000.0,15.5 %,59.5,,right,"2.58, 2.48",1435.0,third rail,750.0,,,,,DT5 type train sets,DT5 type train sets,According to official website
41, Zhengzhou,Chengchow,China,Asia,Metro,26 Dec 2013,104.0,61,59,3,1793.0,34.7,20.3,,,,,,,,,,,,,,,,,,,,
42, Milan,Milano,Italy,Europe,Metropolitana,1 Nov 1964,96.9,113,105,4,889.0,24.2,28.3,899000.0,9270.0,328000000.0,2007.0,2940000.0,15.3 %,33.0,1.00 EUR,right,2.85,1435.0,"overhead wire, third rail (line M1)","1500, 750 (line M1)",,line M5,2013.0,line M5,yes,yes,
43, Munich,,Germany,Europe,U-Bahn,19 Oct 1971,94.2,102,96,6,981.0,15.7,17.0,986000.0,10500.0,360000000.0,2010.0,1280000.0,38.5 %,73.6,2.30 EUR,right,2.9,1435.0,third rail,750.0,,,,,,yes,
44, Nagoya,,Japan,Asia,Subway,15 Nov 1957,93.1,97,86,4,1001.0,23.3,24.3,1170000.0,12600.0,427000000.0,2008.0,3230000.0,18.1 %,28.8,,left,"2.51, 2.81","1435, 1067 (Tsurumai, Sakura-dori lines)","third rail, overhead wire (Tsurumai, Sakura-dori lines)","600, 1500 (Tsurumai, Sakura-dori lines)",,Linimo maglev line,2005.0,Tobu Kyuryo maglev line,yes,yes,3 stations +
45, Kunming,,China,Asia,Metro,28 Jun 2012,91.9,57,55,4,1734.0,23.0,14.3,,,,,,,,,,,,,,,,,,,yes,
46, Xian,Xi'an,China,Asia,Metro,16 Sep 2011,90.8,66,64,3,1441.0,30.3,22.0,162000.0,1780.0,59000000.0,2012.0,,,,,,,1435.0,,,,,,,,yes,
47, Oslo,,Norway,Europe,T-Bane,22 May 1966,85.0,101,101,5,885.0,17.0,20.2,208000.0,2450.0,76000000.0,2010.0,840000.0,12.4 %,101.2,2.67 EUR,right,3.2,1435.0,third rail,750.0,,,,,,yes,Line 1 included. According to wikipedia.
48, Daegu,Taegu,South Korea,Asia,Subway,26 Nov 1997,83.8,91,88,3,952.0,27.9,30.3,348000.0,4150.0,127000000.0,2012.0,2460000.0,7.1 %,34.1,,,,,,,,,,"lines 1, 2",,,
49, Vienna,,Austria,Europe,U-Bahn,25 Feb 1978,83.3,109,98,5,801.0,16.7,21.8,1460000.0,17600.0,534000000.0,2010.0,2320000.0,31.5 %,35.9,1.70 EUR,right,2.8,1435.0,third rail,750.0,,,,,yes,yes,Premetro tunnel not included
50, Vancouver,,Canada,America,SkyTrain,3 Jan 1986,80.5,53,57,3,1610.0,26.8,17.7,329000.0,4080.0,120000000.0,2011.0,2150000.0,7.6 %,37.4,,right,2.4,1435.0,third rail,600.0,,"Skytrain, LIM technology, currently the world's longest automated system",1986.0,,yes,yes,
51, Rotterdam,,Netherlands,Europe,Metro,10 Feb 1968,79.3,62,62,5,1391.0,15.9,12.4,238000.0,3010.0,87000000.0,2008.0,1000000.0,11.9 %,79.3,,right,"2.68, 2.73",1435.0,third rail,750.0,,,,,,,
52, Atlanta,,USA,America,MARTA,30 Jun 1979,79.2,39,38,2,2141.0,39.6,19.5,93200.0,1180.0,34000000.0,2007.0,4510000.0,1.0 %,17.6,,right,3.2,1435.0,third rail,750.0,,,,,yes,,
53, Sao Paulo,Sao Paulo,Brazil,America,Metro,14 Sep 1974,78.4,71,64,6,1206.0,13.1,11.8,2400000.0,30600.0,877000000.0,2012.0,18800000.0,6.4 %,4.2,0.76 EUR,right,3.17,1600.0,"third rail (lines 1-3), overhead wire (lines 4, 5)","750 (lines 1-3), 1500 (lines 4, 5)",,line 4,2010.0,"lines 2, 3, 4",all metro lines and regional rail,"lines 4, 5",C Line: 26 km + 16 st. E Line: 22km + 7 st).Monorail included
54, Cairo,,Egypt,Africa,Metro,27 Sep 1987,77.9,64,61,3,1277.0,26.0,21.3,2290000.0,29400.0,837000000.0,2010.0,11900000.0,9.6 %,6.6,0.14 EUR,left,2.88,1435.0,overhead wire,1500.0,,,,,5 stations,,
55, Newcastle,Newcastle upon Tyne,United Kingdom,Europe,Tyne & Wear Metro,7 Aug 1980,76.5,61,50,2,1297.0,38.3,30.5,104000.0,1360.0,38000000.0,2011.0,,,,,left,2.7,1435.0,overhead wire,1500.0,,,,,,,
56, Ningbo,,China,Asia,Metro,30 May 2014,74.5,51,50,2,1520.0,37.3,25.5,,,,,,,,,,,,,,,,,Line 1,,,
57, Saint Louis,,USA,America,Metrolink,31 Jul 1993,73.4,37,37,2,2097.0,36.7,18.5,,,,,,,,,right,,,,,,,,,,,
58, Bucharest,,Romania,Europe,Metro,16 Nov 1979,71.4,53,47,4,1457.0,17.9,13.3,468000.0,6560.0,171000000.0,2011.0,1940000.0,12.1 %,36.8,0.40 EUR,right,3.1,1435.0,third rail,825.0,,,,,,,
59, Toronto,,Canada,America,Subway,30 Apr 1954,70.9,80,75,4,933.0,17.7,20.0,762000.0,10700.0,278000000.0,2006.0,5210000.0,7.3 %,13.6,1.67 EUR,right,3.1,1480.0,third rail,600.0,,,,,yes,,
60, Dubai,,United Arab Emirates,Asia,Metro,9 Sep 2009,69.7,47,45,2,1549.0,34.8,23.5,299000.0,4280.0,109000000.0,2012.0,1380000.0,10.8 %,50.5,0.56 EUR,right,3.2,1435.0,third rail,750.0,,metro,2009.0,"metro, monorail",yes,yes,
61, Montreal,Montreal,Canada,America,Metro,14 Oct 1966,69.2,73,68,4,1003.0,17.3,18.3,600000.0,8670.0,219000000.0,2006.0,3680000.0,8.2 %,18.8,1.67 EUR,right,2.51,1994.0,third rail,750.0,yes,,,,,,
62, Boston,,USA,America,The T,1 Sep 1897,67.7,67,61,4,1075.0,16.9,16.8,403000.0,5950.0,147000000.0,2010.0,4470000.0,4.5 %,15.1,,right,,1435.0,"third rail, overhead wire (Green Line)",600.0,,,,,yes,,Red tram not included. Green subway section included
63, Kiev,Kyiv,Ukraine,Europe,Metro,22 Oct 1960,67.6,52,49,3,1380.0,22.5,17.3,1420000.0,21000.0,519000000.0,2011.0,2710000.0,26.2 %,24.9,0.27 EUR,right,2.7,1520.0,third rail,825.0,,,,,,,
64, Caracas,,Venezuela,America,Metro,27 Mar 1983,66.5,54,54,6,1386.0,11.1,9.0,1330000.0,20000.0,485000000.0,2009.0,2980000.0,22.3 %,22.3,0.31 EUR,,3.05,1435.0,third rail,750.0,,,,,yes,,Metro Los Teques included (11.2km)
65, Ankara,,Turkey,Asia,Metro,30 Aug 1996,65.7,56,52,5,1288.0,13.1,11.2,310000.0,4710.0,113000000.0,2007.0,3720000.0,4.2 %,17.7,,right,3.2,1435.0,third rail,750.0,,metro line,1997.0,,yes,yes,
66, Prague,,Czech Republic,Europe,Metro,9 May 1974,65.1,61,58,3,1122.0,21.7,20.3,1450000.0,22300.0,530000000.0,2011.0,1160000.0,62.6 %,56.1,0.65 EUR,right,2.7,1435.0,third rail,750.0,,,,,,yes,
67, Philadelphia,,USA,America,Subway,4 Mar 1907,62.0,66,62,3,984.0,20.7,22.0,293000.0,4730.0,107000000.0,2011.0,5490000.0,2.7 %,11.3,,right,3.05,"1435, 1588 (Market-Frankford Line)",third rail,"600, 685 (PATCO)",,,,,yes,,PATCO line included. Subway trolley not (10 stations)
68, Rome,,Italy,Europe,Metropolitana,10 Feb 1955,61.0,74,73,3,859.0,20.3,24.7,907000.0,14900.0,331000000.0,2008.0,3340000.0,13.6 %,18.3,1.00 EUR,left,"2.85 (line A), 3.04 (line B)",1435.0,overhead wire,1500.0,,,,,yes,yes,
69, Athens,,Greece,Europe,Metro,1954.0,60.3,65,61,3,973.0,20.1,21.7,937000.0,15500.0,342000000.0,2008.0,3240000.0,14.5 %,18.6,1.00 EUR,right,2.8,1435.0,third rail,600.0,,,,,yes,yes,"Airport line not included (21 km and 4 stations more): 81,3 km + 69 st"
70, Los Angeles,,USA,America,Metro Rail,30 Jan 1993,59.3,30,30,3,2196.0,19.8,10.0,126000.0,2130.0,46000000.0,2011.0,12500000.0,0.5 %,4.7,1.91 EUR,right,,1435.0,"overhead wire, third rail (Red, Purple lines)",750.0,,,,,yes,,"Red, Purple and Green lines"
71, Incheon,Inchon,South Korea,Asia,Subway,6 Oct 1999,58.5,56,55,2,1083.0,29.3,28.0,244000.0,4170.0,89000000.0,2012.0,2550000.0,4.8 %,22.9,,,,,,,,,,yes,,,
72, Yokohama,,Japan,Asia,Subway,16 Dec 1972,57.6,48,45,3,1280.0,19.2,16.0,542000.0,9420.0,198000000.0,2008.0,,,,,left,2.78,1435.0,third rail,750.0,Kanazawa Seaside LRT,"Kanazawa Seaside line, LRT, rubber-tyred",1989.0,Kanazawa Seaside LRT line,,yes,Kanazawa Line not included (10.6 km)
73, Wuxi,Wushi,China,Asia,Metro,1 Jul 2014,56.1,46,45,2,1275.0,28.0,23.0,,,,,,,,,,,,,,,,,,,,
74, Rio de Janeiro,,Brazil,America,Metro,5 Mar 1979,55.5,42,41,3,1423.0,18.5,14.0,581000.0,10500.0,212000000.0,2010.0,11800000.0,2.5 %,4.7,0.77 EUR,right,3.17,1600.0,third rail,750.0,,,,,yes,,
75, Shenyang,Mukden,China,Asia,Metro,27 Sep 2010,54.8,45,44,2,1274.0,27.4,22.5,,,,,4790000.0,,11.4,,right,,,,,,,,yes,,,
76, Buenos Aires,,Argentina,America,Subte,1 Dec 1913,53.9,86,73,6,674.0,9.0,14.3,844000.0,15700.0,308000000.0,2011.0,12800000.0,3.3 %,4.2,0.24 EUR,left,"3.20, 2.60",1435.0,"overhead wire, third rail (Line B)","1500, 1100 (Line B)",,,,,,yes,Premetro line not included
77, Nanning,,China,Asia,Metro,28 Jun 2016,53.1,43,41,2,1295.0,26.5,21.5,,,,,,,,,,,,,,,,,,,,
78, Hefei,Luzhou,China,Asia,Metro,26 Dec 2016,52.4,47,46,2,1164.0,26.2,23.5,,,,,,,,,,,,,,,,,,,yes,
79, Manila,,Philippines,Asia,MRT,1 Dec 1984,51.5,44,41,3,1256.0,17.2,14.7,948000.0,18400.0,346000000.0,2008.0,11100000.0,4.3 %,4.6,0.18 EUR,right,,,,,,,,,yes,yes,Length not sure
80, Bilbao,,Spain,Europe,Metro,11 Nov 1995,51.0,48,47,3,1133.0,17.0,16.0,247000.0,4830.0,90000000.0,2011.0,,,,,left,2.8,1000.0,overhead wire,1500.0,,,,,yes,yes,
81, Changsha,,China,Asia,Metro,29 Apr 2014,50.2,43,42,2,1224.0,25.1,21.5,,,,,,,,,,,,,,,,,,,,
82, Nanchang,,China,Asia,Rail Transit,26 Dec 2015,48.3,41,40,2,1238.0,24.1,20.5,,,,,,,,,,,,,,,,,,,,
83, Sapporo,,Japan,Asia,Subway,16 Dec 1971,48.0,49,46,3,1043.0,16.0,16.3,573000.0,11900.0,209000000.0,2008.0,2540000.0,11.3 %,18.9,,left,3.08,"2150, 2180 (Namboku Line)","overhead wire, third rail (Namboku Line)","1500, 750 (Namboku Line)",yes,,,,,yes,According to Mr. Osamu Abe
84, Chennai,Madras,India,Asia,MRTS,19 Oct 1997,47.4,39,38,3,1317.0,15.8,13.0,,,,,7160000.0,,6.6,,,,,,,,,,,,,Correction according to Urbanrail and Wikipedia
85, Cologne,,Germany,Europe,Stadtbahn,11 Oct 1968,47.4,55,55,15,1185.0,3.2,3.7,,,,,1000000.0,,47.4,,right,2.65,1435.0,overhead wire,750.0,,,,,new light rail trains only,yes,Approx. 45 km metro-like. 30 km underground.
86, Qingdao,Tsingtao,China,Asia,Metro,16 Dec 2015,46.0,40,39,2,1211.0,23.0,20.0,,,,,2870000.0,,16.0,,,,,,,,,,,,,
87, Lille,,France,Europe,Metro,25 Apr 1983,45.5,62,60,2,758.0,22.8,31.0,263000.0,5780.0,96000000.0,2009.0,1040000.0,12.6 %,43.8,,right,2.13,2060.0,third rail,750.0,yes,VAL,1983.0,"VAL, all stations",,yes,
88, Kaohsiung,Gaoxiong,Taiwan,Asia,MRT,9 Mar 2008,45.0,38,37,2,1250.0,22.5,19.0,142000.0,3170.0,52000000.0,2012.0,1540000.0,4.6 %,29.2,,,3.15,1435.0,third rail,750.0,,,,MRT,,,
89, Lisbon,,Portugal,Europe,Metro,29 Dec 1959,44.3,56,50,4,852.0,11.1,14.0,501000.0,11300.0,183000000.0,2010.0,2810000.0,8.9 %,15.8,0.80 EUR,left,2.7,1435.0,third rail,750.0,,,,,,yes,
90, Valparaiso,,Chile,America,Metro,23 Nov 2005,43.0,20,20,1,2263.0,43.0,20.0,,,,,850000.0,,50.6,,right,,,,,,,,,,,
91, Bangalore,Bengaluru,India,Asia,Namma Metro,15 Sep 2011,42.3,41,40,2,1085.0,21.1,20.5,,,,,6790000.0,,6.2,,,,,,,,,,,,,
92, Brasilia,,Brazil,America,Metro,31 Mar 2001,42.0,24,24,1,1826.0,42.0,24.0,151000.0,3590.0,55000000.0,2009.0,3600000.0,2.1 %,11.7,,right,,,,,,,,,,,
93, Miami,,USA,America,Metrorail,21 May 1984,39.8,23,23,1,1809.0,39.8,23.0,49300.0,1240.0,18000000.0,2011.0,5580000.0,0.4 %,7.1,1.66 EUR,right,3.18 (metro),1435.0,third rail,750.0,Downtown people mover,"downtown people mover, rubber-tyred",1986.0,,yes,,"Metromover not included (20 stations, 7 km)"
94, Recife,,Brazil,America,Metro,11 Mar 1985,39.7,30,28,2,1418.0,19.9,15.0,,,,,3650000.0,,10.9,,right,,,,,,,,,,,According to official website
95, Dongguan,,China,Asia,Metro,27 May 2016,38.8,15,15,1,2771.0,38.8,15.0,,,,,,,,,,,,,,,,,,,,
96, Kharkiv,Kharkov,Ukraine,Europe,Metro,23 Aug 1975,38.5,30,27,3,1426.0,12.8,10.0,685000.0,17800.0,250000000.0,2011.0,,,,,right,2.7,,,,,,,,,,According to Mr. Yuri Popov
97, Nuremberg,,Germany,Europe,U-Bahn,1 Mar 1972,37.5,56,48,3,708.0,12.5,18.7,323000.0,8620.0,118000000.0,2011.0,,,,,right,2.9,1435.0,third rail,750.0,,"lines U2, U3, no PSDs, sharing tracks with driver-operated trains",2008.0,,,yes,
98, Sofia,,Bulgaria,Europe,Metro,28 Jan 1998,37.5,35,34,2,1136.0,18.8,17.5,79500.0,2120.0,29000000.0,2009.0,1180000.0,3.4 %,31.8,0.51 EUR,right,2.84,1435.0,third rail,825.0,,,,,,,
99, Minsk,,Belarus,Europe,Metro,26 Jun 1984,37.2,29,28,2,1379.0,18.6,14.5,770000.0,20700.0,281000000.0,2012.0,1800000.0,21.4 %,20.7,,right,2.7,1520.0,third rail,825.0,,,,,,,According to Mr. Yuri Popov
100, Baku,,Azerbaijan,Asia,Metro,6 Nov 1967,36.6,25,23,3,1662.0,12.2,8.3,501000.0,13700.0,183000000.0,2011.0,1890000.0,13.3 %,19.3,,right,2.7,1520.0,third rail,825.0,,,,,,,
101, Tashkent,Toshkent,Uzbekistan,Asia,Metro,6 Nov 1977,36.2,29,26,3,1392.0,12.1,9.7,178000.0,4920.0,65000000.0,2010.0,2180000.0,4.1 %,16.6,,right,2.7,1520.0,third rail,825.0,,,,,,,According to Mr. Yuri Popov
102, Helsinki,,Finland,Europe,Metro,3 Aug 1982,35.1,25,25,1,1462.0,35.1,25.0,170000.0,4840.0,62000000.0,2011.0,1120000.0,7.6 %,31.3,2.10 EUR,right,3.2,1524.0,third rail,750.0,,,,,,yes,
103, Changchun,Hsinking,China,Asia,LRT,Oct 2002,35.0,31,30,2,1207.0,17.5,15.5,,,,,3180000.0,,11.0,,right,,,,,,,,,,,"(17 km, 16 stations on viaduct = metro). 14.6 km, 17 st on streets"
104, Naples,,Italy,Europe,Metropolitana,28 Mar 1993,34.8,33,29,3,1160.0,11.6,11.0,95900.0,2760.0,35000000.0,2011.0,2250000.0,2.1 %,15.5,,left,,1435.0,overhead wire,1500.0,,,,,,,"M3 and M4 not included (M3: 12.3 km, 12 sta. M4: 8.3 km, 8 sta.)"
105, Lima,,Peru,America,Tren Urbano,5 Apr 2012,34.4,26,26,1,1376.0,34.4,26.0,,,,,8010000.0,,4.3,0.29 EUR,,,,,,,,,,,,
106, Porto Alegre,,Brazil,America,Metro,2 Mar 1985,33.8,17,17,1,2112.0,33.8,17.0,,,,,3920000.0,,8.6,,right,,,,,,,,,,,According to official website
107, Budapest,,Hungary,Europe,Metro,2 May 1896,33.0,42,40,3,846.0,11.0,14.0,827000.0,25100.0,302000000.0,2011.0,1680000.0,24.6 %,19.6,0.95 EUR,right,"2.70, 2.22 (line 1)",1435.0,"third rail, overhead wire (Line M1)","825, 600 (Line M1)",,,,,,,
108, Amsterdam,,Netherlands,Europe,Metro,16 Oct 1977,32.7,33,33,4,1128.0,8.2,8.3,233000.0,7120.0,85000000.0,2009.0,1030000.0,11.3 %,31.7,2.09 EUR,right,3.0,1435.0,third rail,750.0,,,,,M5 type train sets,M5 type train sets,"Sneltram not included (9.8 km, 19 stations; 'Metros in Holland')"
109, Brussels,,Belgium,Europe,Metro,20 Sep 1976,32.2,61,59,3,555.0,10.7,20.3,364000.0,11300.0,133000000.0,2009.0,1740000.0,10.5 %,18.5,1.53 EUR,right (left on lines 1 and 6 between Midi and Roi Baudouin),2.7,1435.0,third rail,900.0,,,,,,line 1,"Premetro tunnels not included, 11 stations"
110, Lyon,,France,Europe,Metro,28 Apr 1978,31.8,44,40,4,795.0,7.9,11.0,704000.0,22100.0,257000000.0,2009.0,1420000.0,24.8 %,22.4,1.60 EUR,left,2.9,1435.0,third rail,750.0,yes,"line D/Maggaly, rubber-tyred, no PSDs",1991.0,,,,
111, Valencia,,Spain,Europe,Metro,3 Oct 1988,31.8,38,37,3,909.0,10.6,12.7,,,,,810000.0,,39.3,,right,2.55,1000.0,overhead wire,1500.0,,,,,yes,yes,Full metro section length unknown.
112, Bursa,,Turkey,Asia,Bursaray,19 Aug 2002,31.5,31,31,2,1086.0,15.8,15.5,,,,,1490000.0,,21.1,,,,,,,,,,,,,
113, Mashhad,,Iran,Asia,Urban railway,10 Oct 2011,31.5,30,30,1,1086.0,31.5,30.0,,,,,2470000.0,,12.8,,,,,,,,,,,,,
114, Monterrey,,Mexico,America,Metro,25 Apr 1991,31.5,32,31,2,1050.0,15.8,16.0,378000.0,12000.0,138000000.0,2009.0,3710000.0,5.1 %,8.5,,right,,,,,yes,,,,,,
115, Kyoto,,Japan,Asia,Subway,1 Apr 1981,31.3,32,31,2,1043.0,15.6,16.0,345000.0,11000.0,126000000.0,2008.0,1800000.0,9.6 %,17.4,,left,2.8,1435.0,overhead wire,1500.0,,,,Tozai line,,yes,
116, Medellin,Medellin,Colombia,America,Metro,30 Nov 1995,31.3,28,27,2,1204.0,15.6,14.0,466000.0,14900.0,170000000.0,2011.0,3300000.0,7.1 %,9.5,,,3.2,1435.0,overhead wire,1500.0,,,,,,,"Metro Cable not included, 4 stations"
117, Cleveland,,USA,America,Rapid Transit,15 Mar 1955,31.0,18,18,1,1824.0,31.0,18.0,16400.0,530.0,6000000.0,2011.0,1890000.0,0.4 %,16.4,,right,3.15,1435.0,overhead wire,600.0,,,,,,,2 Light Rail lines not included
118, Kobe,,Japan,Asia,Subway,13 Mar 1977,30.6,26,24,2,1275.0,15.3,13.0,332000.0,10800.0,121000000.0,2008.0,,,,,left,2.79,1435.0,"overhead wire, third rail (Portliner)","1500, 600 (Portliner)",Port Liner and Rokko Liner,"Port Liner and Rokko Liner, rubber-tyred",1981.0,Port Liner and Rokko Liner,,yes,"According to Mr. Osamu Abe. Portliner, Rokko lines not included (15 st)"
119, Shijiazhuang,,China,Asia,Metro,14 Jun 2017,30.3,27,26,2,1212.0,15.1,13.5,,,,,,,,,,,,,,,,,,,,
120, Xiamen,Amoy,China,Asia,Metro,31 Dec 2017,30.3,24,24,1,1317.0,30.3,24.0,,,,,,,,,,,,,,,,,,,,
121, Fukuoka,,Japan,Asia,Subway,26 Jul 1981,29.8,35,34,3,931.0,9.9,11.7,340000.0,11400.0,124000000.0,2007.0,2790000.0,6.1 %,10.7,,left,2.86,1067.0,overhead wire,1500.0,,,,yes,,yes,According to Mr. Osamu Abe
122, Hyderabad,,India,Asia,Metro Rail,28 Nov 2017,29.8,25,24,2,1296.0,14.9,12.5,,,,,6380000.0,,4.7,,,,,,,,,,,,,Source: Metro Report.
123, Kolkata,Calcutta,India,Asia,Metro Railway,24 Oct 1984,29.7,24,24,1,1291.0,29.7,24.0,474000.0,16000.0,173000000.0,2009.0,14800000.0,1.6 %,2.0,,right,2.74,,,,,,,,,,"25 km wikipedia, 27.50 km urbanrail ???"
124, Dortmund,,Germany,Europe,Stadtbahn,17 May 1976,29.5,37,37,3,866.0,9.8,12.3,,,,,,,,,right,2.65,1435.0,overhead wire,600.0,,H-Bahn,1984.0,,,yes,Rhein-Ruhr Stadtbahn Album 2
125, Sendai,,Japan,Asia,Subway,15 Jul 1987,28.7,30,29,2,1025.0,14.4,15.0,159000.0,5540.0,58000000.0,2008.0,2250000.0,3.5 %,12.8,,left,2.88,1067.0,overhead wire,1500.0,,,,,,yes,
126, Warsaw,,Poland,Europe,Metro,7 Apr 1995,28.7,28,27,2,1104.0,14.4,14.0,384000.0,13400.0,140000000.0,2011.0,1710000.0,11.2 %,16.8,0.47 EUR,right,,1435.0,third rail,825.0,,,,,,yes,
127, Belo Horizonte,,Brazil,America,Metro,1 Aug 1986,28.1,19,19,1,1563.0,28.1,19.0,,,,,5580000.0,,5.0,,right,,,,,,,,,,,According to official website
128, The Hague,,Netherlands,Europe,RandstadRail,16 Oct 2004,27.9,30,30,3,1033.0,9.3,10.0,,,,,,,,,right,,,,,,,,,,,Full metro section length unknown (47 km?)
129, Toulouse,,France,Europe,Metro,26 Jun 1993,27.5,38,37,2,764.0,13.8,19.0,282000.0,10300.0,103000000.0,2011.0,850000.0,16.6 %,32.4,,right,2.08,2060.0,third rail,750.0,yes,VAL,1993.0,VAL,,yes,
130, Tbilisi,,Georgia,Asia,Metro,11 Jan 1966,27.3,23,22,2,1300.0,13.6,11.5,241000.0,8830.0,88000000.0,2008.0,1100000.0,11.0 %,24.8,,right,,1520.0,third rail,825.0,,,,,,,According to Mr. Yuri Popov
131, Seattle,,USA,America,Light Rail,18 Jul 2009,27.2,16,16,1,1813.0,27.2,16.0,,,,,3070000.0,,8.9,,right,3.13 (monorail),,,,,,,,yes,,Downtown tunnel section considered as a full metro
132, Fuzhou,,China,Asia,Metro,18 May 2016,24.8,21,21,1,1240.0,24.8,21.0,,,,,,,,,,,,,,,,,,,,
133, Santo Domingo,,Dominican Republic,America,Metro,30 Jan 2009,24.8,30,29,2,886.0,12.4,15.0,79500.0,3200.0,29000000.0,2011.0,2150000.0,1.8 %,11.5,,,,1435.0,,,,,,,yes,,
134, Baltimore,,USA,America,Metro Subway,21 Nov 1983,24.5,14,14,1,1885.0,24.5,14.0,49300.0,2010.0,18000000.0,2011.0,2260000.0,1.1 %,10.8,,right,3.05,1435.0,third rail,700.0,,,,,yes,,
135, Shiraz,,Iran,Asia,Metro,11 Oct 2014,24.5,15,15,1,1750.0,24.5,15.0,,,,,1240000.0,,19.8,,,,,,,,,,,,,
136, Fortaleza,,Brazil,America,Metro,15 Jun 2012,24.1,19,19,1,1339.0,24.1,19.0,,,,,3390000.0,,7.1,,,,,,,,,,,yes,,
137, Guadalajara,,Mexico,America,Metro,1 Sep 1989,24.0,29,28,2,889.0,12.0,14.5,,,,,4200000.0,,5.7,,right,,,,,,,,,,,
138, Stuttgart,,Germany,Europe,Stadtbahn,10 Jun 1966,24.0,19,17,2,1412.0,12.0,9.5,,,,,,,,,right,2.65,1435.0,overhead wire,750.0,,,,,yes,yes,24 km underground. (Schnellbahnen in Deutschland)
139, Daejeon,Taejon,South Korea,Asia,Subway,16 Mar 2006,22.6,22,22,1,1076.0,22.6,22.0,104000.0,4610.0,38000000.0,2011.0,,,,,,,,,,,,,yes,,,
140, Pyongyang,,North Korea,Asia,Metro,6 Sep 1973,22.5,16,15,2,1607.0,11.3,8.0,98600.0,4380.0,36000000.0,2009.0,,,,,,2.7,1435.0,third rail,825.0,,,,,,,
141, Sydney,,Australia,Oceania,Cityrail,20 Dec 1926,22.1,14,14,3,2005.0,7.4,4.7,,,,,4330000.0,,5.1,2.92 EUR,left,,,,,,,,,yes,,Only underground stations in downtown
142, Marseille,,France,Europe,Metro,26 Nov 1977,21.8,30,28,2,779.0,10.9,15.0,205000.0,9430.0,75000000.0,2011.0,1400000.0,7.3 %,15.6,,right,2.6,1435.0,third rail,750.0,yes,,,,,,
143, Oporto,Porto,Portugal,Europe,Metro,7 Dec 2002,21.7,16,15,2,1550.0,10.9,8.0,,,,,,,,,right,2.65,1435.0,overhead wire,750.0,,,,,yes,yes,"16 undeground stations, 9,5 km underground. Total 70km81st Wiki"
144, Bochum,,Germany,Europe,Stadtbahn,26 May 1979,21.5,29,27,2,797.0,10.8,14.5,,,,,,,,,right,2.65,1435.0,overhead wire,660.0,,,,,,,Rhein-Ruhr Stadtbahn Album 2
145, Harbin,Haerbin,China,Asia,Subway,26 Sep 2013,21.5,22,21,2,1075.0,10.8,11.0,,,,,3620000.0,,5.9,,,,,,,,,,,,,
146, Copenhagen,,Denmark,Europe,Metro,19 Oct 2002,21.0,22,22,2,1050.0,10.5,11.0,148000.0,7050.0,54000000.0,2011.0,1080000.0,6.8 %,19.4,2.81 EUR,right,2.65,1435.0,third rail,750.0,,all metro lines,2002.0,all underground stations,all metro and S-Tog trains,yes,According to official website
147, Frankfurt,Frankfurt am Main,Germany,Europe,U-Bahn,4 Oct 1968,20.5,31,27,3,732.0,6.8,10.3,,,,,,,,2.30 EUR,right,2.65,1435.0,overhead wire,750.0,,,,,,yes,"20.40 km, 27 stations underground ('Schnellbahnen in Deutschland')"
148, Edmonton,,Canada,America,Light Rail,22 Apr 1978,20.4,15,15,1,1457.0,20.4,15.0,,,,,1060000.0,,19.2,,right,,,,,,,,,,,
149, Salvador,,Brazil,America,Metro,11 Jun 2014,20.3,15,14,2,1562.0,10.1,7.5,,,,,3480000.0,,5.8,,,,1435.0,,,,,,,yes,,
150, Essen,,Germany,Europe,Stadtbahn,5 Oct 1967,20.2,27,27,3,842.0,6.7,9.0,,,,,,,,,right,2.65,1435.0,overhead wire,750.0,,,,,,yes,Rhein-Ruhr Stadtbahn Album 1
151, Gwangju,,South Korea,Asia,Subway,28 Apr 2004,20.1,20,20,1,1058.0,20.1,20.0,49300.0,2450.0,18000000.0,2011.0,1440000.0,1.7 %,14.0,,,,,,,,,,yes,,,
152, Izmir,,Turkey,Asia,Metro,22 May 2000,20.1,17,17,1,1256.0,20.1,17.0,173000.0,8590.0,63000000.0,2011.0,2590000.0,3.3 %,7.8,,,2.65,1435.0,third rail,750.0,,,,,,,
153, Nizhny Novgorod,Gorky,Russia,Europe,Metro,20 Nov 1985,18.9,15,14,2,1454.0,9.4,7.5,74000.0,3910.0,27000000.0,2010.0,,,,,right,2.7,1520.0,third rail,825.0,,,,,,,According to Mr. Yuri Popov
154, Hanover,Hannover,Germany,Europe,Stadtbahn,28 Sep 1975,18.6,21,17,3,1033.0,6.2,7.0,,,,,,,,,right,2.4,1435.0,overhead wire,600.0,,,,,,yes,"18.60 km, 17 stations underground ('Schnellbahnen in Deutschland')"
155, Hiroshima,,Japan,Asia,Monorail,20 Aug 1994,18.4,22,22,1,876.0,18.4,22.0,49300.0,2680.0,18000000.0,2005.0,2040000.0,1.2 %,9.0,,left,,,,,yes,,,,,,According to Mr. Osamu Abe
156, Mecca,Makkah,Saudi Arabia,Asia,Metro,13 Nov 2010,18.1,9,9,1,2263.0,18.1,9.0,,,,,1380000.0,,13.1,,right,,1435.0,third rail,1500.0,,,,yes,yes,yes,
157, Kochi,Cochin,India,Asia,Metro,17 Jun 2017,18.0,16,16,1,1200.0,18.0,16.0,36400.0,2020.0,13289000.0,2017.0,,,,,left,,1435.0,third rail,750.0,,,,,yes,"yes, 3-car",Kochi Metro Rail Ltd via email
158, Kryvyi Rih,Krivoy Rog,Ukraine,Europe,Metrotram,26 Dec 1986,18.0,12,12,1,1636.0,18.0,12.0,,,,,,,,,,2.62,,,,,,,,,,
159, Seville,Sevilla,Spain,Europe,Metro,2 Apr 2009,18.0,21,21,1,900.0,18.0,21.0,,,,,,,,,,2.6,,,,,,,Line 1,,,
160, Charleroi,,Belgium,Europe,Metro Liger,21 Jun 1976,17.5,23,23,4,921.0,4.4,5.8,,,,,,,,,,,,,,,,,,,,"total length 33,3 km, 12 underground stations, 23 full metro stations. Wiki"
161, San Juan,,Puerto Rico,America,Tren Urbano,6 Jun 2005,17.2,16,16,1,1147.0,17.2,16.0,30100.0,1750.0,11000000.0,2011.0,2690000.0,0.6 %,6.4,,,,,,,,,,,,,
162, Novosibirsk,,Russia,Asia,Metro,7 Jan 1986,16.4,13,12,2,1487.0,8.2,6.5,208000.0,12700.0,76000000.0,2011.0,1390000.0,7.5 %,11.8,,right,,1520.0,third rail,825.0,,,,,,,According to Mr. Yuri Popov
163, Tama,,Japan,Asia,Monorail,27 Nov 1998,16.0,19,19,1,889.0,16.0,19.0,,,,,,,,,left,,,,,,,,,,yes,
164, Kazan,,Russia,Europe,Metro,27 Aug 2005,15.8,10,10,1,1756.0,15.8,10.0,74000.0,4680.0,27000000.0,2012.0,1120000.0,3.3 %,14.1,,right,,,,,,,,,,,According to Mr. Yuri Popov
165, Chiba,,Japan,Asia,Monorail,28 Mar 1988,15.5,18,18,2,969.0,7.8,9.0,,,,,,,,,left,,,,,,,,,,,
166, Duisburg,,Germany,Europe,Stadtbahn,11 Jul 1992,14.3,13,13,2,1304.0,7.2,6.5,,,,,,,,,right,2.65,,,,,,,,,yes,Rhein-Ruhr Stadtbahn Album 1
167, Lausanne,,Switzerland,Europe,Metro,24 May 1991,13.7,29,28,2,507.0,6.8,14.5,,,,,,,,,,2.65,,,,line m2,line m2,2008.0,Line m2,,yes,"Only m2 is a full metro (27.10.2008: 5.9 km, 14 sta). Line m1: 3 underground stations"
168, Panama City,,Panama,America,Metro,5 Apr 2014,13.7,13,13,1,1142.0,13.7,13.0,,,,,,,,,,,,,,,,,,,,
169, Adana,,Turkey,Asia,Metro,18 Mar 2009,13.5,13,13,1,1125.0,13.5,13.0,,,,,1290000.0,,10.5,,,,,,,,,,,,,
170, Algiers,,Algeria,Africa,Metro,1 Nov 2011,13.5,14,14,1,1038.0,13.5,14.0,,,,,3350000.0,,4.0,,,,1435.0,third rail,750.0,,,,,yes,yes,
171, Turin,,Italy,Europe,Metropolitana,4 Feb 2006,13.4,21,21,1,670.0,13.4,21.0,90400.0,6750.0,33000000.0,2011.0,1650000.0,2.7 %,8.1,,right,2.08,,,,yes,VAL,2006.0,VAL,yes,yes,
172, Wuppertal,,Germany,Europe,Schwebebahn,1 Mar 1901,13.3,20,20,1,700.0,13.3,20.0,,,,,,,,,right,2.2,,overhead rail,600.0,,,,,,,
173, Brescia,,Italy,Europe,Metro,22 Dec 2012,13.1,17,17,1,819.0,13.1,17.0,,,,,,,,,,,,,,,metro,2012.0,,,,According to official website
174, Duesseldorf,Dusseldorf,Germany,Europe,Stadtbahn,4 Oct 1981,13.0,20,19,2,721.0,6.5,10.0,,,,,,,,,right,2.65,1435.0,overhead wire,600.0,,,,,,yes,Rhein-Ruhr Stadtbahn Album 1
175, Guiyang,,China,Asia,Metro,28 Dec 2017,12.8,10,10,1,1422.0,12.8,10.0,,,,,,,,,,,,,,,,,,,,
176, Naha,,Japan,Asia,Monorail,10 Aug 2003,12.8,15,15,1,914.0,12.8,15.0,,,,,,,,,left,2.98,,,,,,,,,,
177, Yekaterinburg,Ekaterinburg,Russia,Asia,Metro,26 Apr 1991,12.7,9,9,1,1587.0,12.7,9.0,104000.0,8200.0,38000000.0,2011.0,1310000.0,4.0 %,9.7,,right,,,,,,,,,,,
178, Yerevan,Erevan,Armenia,Asia,Metro,7 Mar 1981,12.1,10,10,1,1344.0,12.1,10.0,46600.0,3850.0,17000000.0,2011.0,1100000.0,2.1 %,11.0,,right,2.7,,,,,,,,,,According to Mr. Yuri Popov
179, Esfahan,Isfahan,Iran,Asia,Urban railway,15 Oct 2015,12.0,11,11,1,1200.0,12.0,11.0,,,,,1630000.0,,7.4,,,,,,,,,,,,,
180, Malaga,Malaga,Spain,Europe,Metro,30 Jul 2014,12.0,17,16,2,800.0,6.0,8.5,,,,,,,,,,,,,,,,,,,,
181, Samara,Kuybyshev,Russia,Europe,Metro,26 Dec 1987,11.6,10,10,1,1289.0,11.6,10.0,43800.0,3780.0,16000000.0,2011.0,1140000.0,1.9 %,10.2,,right,,1520.0,third rail,825.0,,,,,,,According to Mr. Yuri Popov
182, Glasgow,,United Kingdom,Europe,Subway,14 Dec 1896,10.4,15,15,1,743.0,10.4,15.0,35600.0,3420.0,13000000.0,2011.0,1160000.0,1.5 %,9.0,,left,2.34,1219.0,third rail,600.0,,,,,,,
183, Almaty,Alma-Ata,Kazakhstan,Asia,Metro,1 Jan 2011,10.3,9,9,1,1293.0,10.3,9.0,19200.0,1850.0,7000000.0,2012.0,1210000.0,0.8 %,8.5,,,,,,,,,,,,,
184, Jaipur,,India,Asia,Metrorail,3 Jun 2015,9.6,9,9,1,1200.0,9.6,9.0,,,,,2920000.0,,3.3,,,,,,,,,,,,,
185, Muelheim,Mulheim an der Ruhr,Germany,Europe,Stadtbahn,3 Nov 1979,9.0,13,12,2,819.0,4.5,6.5,,,,,,,,,right,2.65,1435.0,overhead wire,750.0,,,,,,,Rhein-Ruhr Stadtbahn Album 1
186, Bonn,,Germany,Europe,Stadtbahn,22 Mar 1975,9.0,12,12,1,818.0,9.0,12.0,,,,,,,,,right,2.65,1435.0,overhead wire,750.0,,,,,,,"9 km, 12 stations underground. Approx. 17 km metro-like"
187, Rennes,,France,Europe,Metro,16 Mar 2002,9.0,15,15,1,643.0,9.0,15.0,129000.0,14300.0,47000000.0,2011.0,,,,,right,2.08,,,,yes,VAL,2002.0,VAL,,yes,
188, Catania,,Italy,Europe,Metropolitana,27 Jun 1999,8.8,9,9,1,1100.0,8.8,9.0,,,,,,,,,right,2.85,1435.0,overhead wire,3000.0,,,,,,,
189, Kitakyushu,,Japan,Asia,Monorail,9 Jan 1985,8.8,13,13,1,733.0,8.8,13.0,,,,,,,,,left,,,,,,,,,,yes,
190, Lucknow,,India,Asia,Metro,5 Sep 2017,8.4,8,8,1,1200.0,8.4,8.0,,,,,,,,,,,,,,,,,,,,Source: Metro Report.
191, Buffalo,,USA,America,Metro Rail,18 May 1985,8.4,8,8,1,1194.0,8.4,8.0,,,,,1020000.0,,8.2,,right,,,,,,,,,,,Only tunnel section
192, Palma de Mallorca,,Spain,Europe,Metro,25 Apr 2007,8.3,9,9,1,1038.0,8.3,9.0,,,,,,,,,,2.55,1000.0,,1500.0,,,,,,,
193, Valencia,,Venezuela,America,Metro,18 Oct 2006,7.7,9,9,1,962.0,7.7,9.0,57500.0,7470.0,21000000.0,2010.0,810000.0,3.6 %,9.5,,,,,,,,,,,,,
194, Antwerp,Antwerpen,Belgium,Europe,Premetro,25 Mar 1975,7.6,11,11,2,844.0,3.8,5.5,,,,,,,,,,2.2,1000.0,overhead wire,600.0,,,,,,,
195, Dnipro,Dnipropetrovsk,Ukraine,Europe,Metro,29 Dec 1995,7.1,6,6,1,1420.0,7.1,6.0,24700.0,3470.0,9000000.0,2010.0,,,,,,2.7,1520.0,third rail,825.0,,,,,,,According to Mr. Yuri Popov
196, Genoa,,Italy,Europe,Metropolitana,13 Jun 1990,7.1,8,8,1,1014.0,7.1,8.0,,,,,,,,,right,2.2,1435.0,overhead wire,750.0,,,,,,yes,metroitaliane.it
197, Tabriz,,Iran,Asia,Metro,28 Aug 2015,7.0,6,6,1,1400.0,7.0,6.0,,,,,,,,,,,,,,,,,,,,
198, Jacksonville,,USA,America,Skyway,30 May 1989,6.9,6,6,1,1380.0,6.9,6.0,,,,,990000.0,,7.0,,right,2.56,2060.0,third rail,750.0,,downtown monorail people mover,1989.0,,,,
199, Volgograd,Stalingrad,Russia,Europe,Metro,5 Nov 1984,6.8,6,6,1,1360.0,6.8,6.0,,,,,980000.0,,6.9,,,,,,,,,,,,,"Total system: 22 stations, 17,1 km"
200, Kamakura,,Japan,Asia,Monorail,3 Mar 1970,6.6,8,8,1,943.0,6.6,8.0,,,,,,,,,left,,,,,,,,,,,Shonan Monorail.
201, Maracaibo,,Venezuela,America,Metro,8 Jun 2009,6.5,6,6,1,1300.0,6.5,6.0,,,,,2069999.9999999998,,3.1,,,,,,,,,,,yes,,
202, Las Vegas,,USA,America,Monorail,15 Jul 2004,6.2,7,7,1,1033.0,6.2,7.0,,,,,1820000.0,,3.4,,right,2.64,,,,,monorail,2004.0,yes,,,Hotels monorails not included
203, Poznan,,Poland,Europe,Fast Tram,1 Mar 1997,6.1,6,6,1,1220.0,6.1,6.0,,,,,,,,,,,,,,,,,,,,Rapid Tram
204, Gelsenkirchen,,Germany,Europe,Stadtbahn,1 Sep 1984,5.5,9,9,1,690.0,5.5,9.0,,,,,,,,,right,,1000.0,overhead wire,600.0,,,,,,,Rhein-Ruhr Stadtbahn Album 2
205, Bielefeld,,Germany,Europe,Stadtbahn,21 Sep 1971,5.2,7,7,4,1733.0,1.3,1.8,,,,,,,,,right,,,,,,,,,,,Full metro section length unknown. Only metro section included
206, Detroit,,USA,America,People Mover,Jul 1987,4.8,13,13,1,400.0,4.8,13.0,,,,,4099999.9999999995,,1.2,,right,2.5,1435.0,third rail,600.0,,"downtown people mover, LIM technology",1987.0,,yes,,
207, Pittsburgh,,USA,America,T,3 Jul 1985,4.8,6,6,1,960.0,4.8,6.0,,,,,1840000.0,,2.6,,right,,,,,,,,,,,Full metro section length unknown (all lines: 40 km).2.90 is the length of the tunnel section.
208, Ludwigshafen,,Germany,Europe,Stadtbahn,29 May 1969,4.0,11,11,0,364.0,,,,,,,,,,,right,,,,,,,,,,,Full metro section length unknown.
209, Perugia,,Italy,Europe,Minimetro,29 Jan 2008,3.0,7,7,1,500.0,3.0,7.0,,,,,,,,,,,,,,,Minimetro,2008.0,,,,
210, Newark,,USA,America,Light Rail,26 May 1935,2.2,4,4,1,733.0,2.2,4.0,,,,,,,,,right,,,,,,,,,,,4 underground stations
211, Rouen,,France,Europe,Metro,17 Dec 1994,2.2,5,5,1,550.0,2.2,5.0,,,,,,,,,,,,,,,,,,,,5 underground stations
212, Haifa,,Israel,Asia,Carmelit,1959.0,1.8,6,6,1,350.0,1.8,6.0,,,,,1010000.0,,1.7,,,2.4,,,,,,,,,,